id,type,group,name
0,7,pm,vbat
1,2,pm,vbatMV
2,4,pm,state
3,1,radio,rssi
4,1,radio,isConnected
5,2,radio,numRxBc
6,2,radio,numRxUc
7,2,crtp,rxRate
8,2,crtp,txRate
9,4,sys,testLogParam
10,3,memTst,errCntW
11,2,supervisor,info
12,1,sys,canfly
13,1,sys,isFlying
14,1,sys,isTumbled
15,2,locSrvZ,tick
16,7,locSrv,x
17,7,locSrv,y
18,7,locSrv,z
19,7,locSrv,qx
20,7,locSrv,qy
21,7,locSrv,qz
22,7,locSrv,qw
23,7,ext_pos,X
24,7,ext_pos,Y
25,7,ext_pos,Z
26,7,sensfusion6,qw
27,7,sensfusion6,qx
28,7,sensfusion6,qy
29,7,sensfusion6,qz
30,7,sensfusion6,gravityX
31,7,sensfusion6,gravityY
32,7,sensfusion6,gravityZ
33,7,sensfusion6,accZbase
34,1,sensfusion6,isInit
35,1,sensfusion6,isCalibrated
36,6,motor,m1req
37,6,motor,m2req
38,6,motor,m3req
39,6,motor,m4req
40,5,stateEstimateZ,x
41,5,stateEstimateZ,y
42,5,stateEstimateZ,z
43,5,stateEstimateZ,vx
44,5,stateEstimateZ,vy
45,5,stateEstimateZ,vz
46,5,stateEstimateZ,ax
47,5,stateEstimateZ,ay
48,5,stateEstimateZ,az
49,3,stateEstimateZ,quat
50,5,stateEstimateZ,rateRoll
51,5,stateEstimateZ,ratePitch
52,5,stateEstimateZ,rateYaw
53,7,stateEstimate,x
54,7,stateEstimate,y
55,7,stateEstimate,z
56,7,stateEstimate,vx
57,7,stateEstimate,vy
58,7,stateEstimate,vz
59,7,stateEstimate,ax
60,7,stateEstimate,ay
61,7,stateEstimate,az
62,7,stateEstimate,roll
63,7,stateEstimate,pitch
64,7,stateEstimate,yaw
65,7,stateEstimate,qx
66,7,stateEstimate,qy
67,7,stateEstimate,qz
68,7,stateEstimate,qw
69,5,controller,ctr_yaw
70,7,mag,x
71,7,mag,y
72,7,mag,z
73,7,gyro,x
74,7,gyro,y
75,7,gyro,z
76,7,baro,asl
77,7,baro,temp
78,7,baro,pressure
79,7,acc,x
80,7,acc,y
81,7,acc,z
82,7,stabilizer,roll
83,7,stabilizer,pitch
84,7,stabilizer,yaw
85,7,stabilizer,thrust
86,7,stabilizer,rtStab
87,3,stabilizer,intToOut
88,5,ctrltargetZ,x
89,5,ctrltargetZ,y
90,5,ctrltargetZ,z
91,5,ctrltargetZ,vx
92,5,ctrltargetZ,vy
93,5,ctrltargetZ,vz
94,5,ctrltargetZ,ax
95,5,ctrltargetZ,ay
96,5,ctrltargetZ,az
97,7,ctrltarget,x
98,7,ctrltarget,y
99,7,ctrltarget,z
100,7,ctrltarget,vx
101,7,ctrltarget,vy
102,7,ctrltarget,vz
103,7,ctrltarget,ax
104,7,ctrltarget,ay
105,7,ctrltarget,az
106,7,ctrltarget,roll
107,7,ctrltarget,pitch
108,7,ctrltarget,yaw
109,7,posEstAlt,estimatedZ
110,7,posEstAlt,estVZ
111,7,posEstAlt,velocityZ
112,7,estimator,rtApnd
113,7,estimator,rtRej
114,6,outlierf,lhWin
115,7,kalman,stateX
116,7,kalman,stateY
117,7,kalman,stateZ
118,7,kalman,statePX
119,7,kalman,statePY
120,7,kalman,statePZ
121,7,kalman,stateD0
122,7,kalman,stateD1
123,7,kalman,stateD2
124,7,kalman,varX
125,7,kalman,varY
126,7,kalman,varZ
127,7,kalman,varPX
128,7,kalman,varPY
129,7,kalman,varPZ
130,7,kalman,varD0
131,7,kalman,varD1
132,7,kalman,varD2
133,7,kalman,q0
134,7,kalman,q1
135,7,kalman,q2
136,7,kalman,q3
137,7,kalman,rtUpdate
138,7,kalman,rtPred
139,7,kalman,rtFinal
140,7,kalman_pred,predNX
141,7,kalman_pred,predNY
142,7,kalman_pred,measNX
143,7,kalman_pred,measNY
144,7,ukf,rtUpdate
145,7,ukf,rtPred
146,7,ukf,rtBaro
147,7,ukf,rtFinal
148,7,ukf,rtApnd
149,7,ukf,rtRej
150,7,sensorFilter,dxPx
151,7,sensorFilter,dyPx
152,7,sensorFilter,dxPxPred
153,7,sensorFilter,dyPxPred
154,7,sensorFilter,distPred
155,7,sensorFilter,distMeas
156,7,sensorFilter,baroHeight
157,7,sensorFilter,innoChFlow_x
158,7,sensorFilter,innoChFlow_y
159,7,sensorFilter,innoChTof
160,7,sensorFilter,distTWR
161,7,navFilter,posX
162,7,navFilter,posY
163,7,navFilter,posZ
164,7,navFilter,accX
165,7,navFilter,accY
166,7,navFilter,accZ
167,7,navFilter,omegaX
168,7,navFilter,omegaY
169,7,navFilter,omegaZ
170,7,navFilter,Phi
171,7,navFilter,Theta
172,7,navFilter,Psi
173,7,navFilter,Px
174,7,navFilter,Pvx
175,7,navFilter,Pattx
176,3,navFilter,nanCounter
177,7,navFilter,range
178,7,navFilter,procTimeFilter
179,1,navFilter,recAnchorId
180,6,outlierf,bucket0
181,6,outlierf,bucket1
182,6,outlierf,bucket2
183,6,outlierf,bucket3
184,6,outlierf,bucket4
185,7,outlierf,accLev
186,7,outlierf,errD
187,7,pid_rate,roll_outP
188,7,pid_rate,roll_outI
189,7,pid_rate,roll_outD
190,7,pid_rate,roll_outFF
191,7,pid_rate,pitch_outP
192,7,pid_rate,pitch_outI
193,7,pid_rate,pitch_outD
194,7,pid_rate,pitch_outFF
195,7,pid_rate,yaw_outP
196,7,pid_rate,yaw_outI
197,7,pid_rate,yaw_outD
198,7,pid_rate,yaw_outFF
199,7,pid_attitude,roll_outP
200,7,pid_attitude,roll_outI
201,7,pid_attitude,roll_outD
202,7,pid_attitude,roll_outFF
203,7,pid_attitude,pitch_outP
204,7,pid_attitude,pitch_outI
205,7,pid_attitude,pitch_outD
206,7,pid_attitude,pitch_outFF
207,7,pid_attitude,yaw_outP
208,7,pid_attitude,yaw_outI
209,7,pid_attitude,yaw_outD
210,7,pid_attitude,yaw_outFF
211,7,posCtl,targetVX
212,7,posCtl,targetVY
213,7,posCtl,targetVZ
214,7,posCtl,targetX
215,7,posCtl,targetY
216,7,posCtl,targetZ
217,7,posCtl,bodyVX
218,7,posCtl,bodyVY
219,7,posCtl,bodyX
220,7,posCtl,bodyY
221,7,posCtl,Xp
222,7,posCtl,Xi
223,7,posCtl,Xd
224,7,posCtl,Xff
225,7,posCtl,Yp
226,7,posCtl,Yi
227,7,posCtl,Yd
228,7,posCtl,Yff
229,7,posCtl,Zp
230,7,posCtl,Zi
231,7,posCtl,Zd
232,7,posCtl,Zff
233,7,posCtl,VXp
234,7,posCtl,VXi
235,7,posCtl,VXd
236,7,posCtl,VXff
237,7,posCtl,VYp
238,7,posCtl,VYi
239,7,posCtl,VYd
240,7,posCtl,VYff
241,7,posCtl,VZp
242,7,posCtl,VZi
243,7,posCtl,VZd
244,7,posCtl,VZff
245,7,controller,cmd_thrust
246,7,controller,cmd_roll
247,7,controller,cmd_pitch
248,7,controller,cmd_yaw
249,7,controller,r_roll
250,7,controller,r_pitch
251,7,controller,r_yaw
252,7,controller,accelz
253,7,controller,actuatorThrust
254,7,controller,roll
255,7,controller,pitch
256,7,controller,yaw
257,7,controller,rollRate
258,7,controller,pitchRate
259,7,controller,yawRate
260,7,ctrlMel,cmd_thrust
261,7,ctrlMel,cmd_roll
262,7,ctrlMel,cmd_pitch
263,7,ctrlMel,cmd_yaw
264,7,ctrlMel,r_roll
265,7,ctrlMel,r_pitch
266,7,ctrlMel,r_yaw
267,7,ctrlMel,accelz
268,7,ctrlMel,zdx
269,7,ctrlMel,zdy
270,7,ctrlMel,zdz
271,7,ctrlMel,i_err_x
272,7,ctrlMel,i_err_y
273,7,ctrlMel,i_err_z
274,7,ctrlINDI,cmd_thrust
275,7,ctrlINDI,cmd_roll
276,7,ctrlINDI,cmd_pitch
277,7,ctrlINDI,cmd_yaw
278,7,ctrlINDI,r_roll
279,7,ctrlINDI,r_pitch
280,7,ctrlINDI,r_yaw
281,7,ctrlINDI,u_act_dyn_p
282,7,ctrlINDI,u_act_dyn_q
283,7,ctrlINDI,u_act_dyn_r
284,7,ctrlINDI,du_p
285,7,ctrlINDI,du_q
286,7,ctrlINDI,du_r
287,7,ctrlINDI,ang_accel_ref_p
288,7,ctrlINDI,ang_accel_ref_q
289,7,ctrlINDI,ang_accel_ref_r
290,7,ctrlINDI,rate_d[0]
291,7,ctrlINDI,rate_d[1]
292,7,ctrlINDI,rate_d[2]
293,7,ctrlINDI,uf_p
294,7,ctrlINDI,uf_q
295,7,ctrlINDI,uf_r
296,7,ctrlINDI,Omega_f_p
297,7,ctrlINDI,Omega_f_q
298,7,ctrlINDI,Omega_f_r
299,7,ctrlINDI,n_p
300,7,ctrlINDI,n_q
301,7,ctrlINDI,n_r
302,7,posCtrlIndi,posRef_x
303,7,posCtrlIndi,posRef_y
304,7,posCtrlIndi,posRef_z
305,7,posCtrlIndi,velS_x
306,7,posCtrlIndi,velS_y
307,7,posCtrlIndi,velS_z
308,7,posCtrlIndi,velRef_x
309,7,posCtrlIndi,velRef_y
310,7,posCtrlIndi,velRef_z
311,7,posCtrlIndi,angS_roll
312,7,posCtrlIndi,angS_pitch
313,7,posCtrlIndi,angS_yaw
314,7,posCtrlIndi,angF_roll
315,7,posCtrlIndi,angF_pitch
316,7,posCtrlIndi,angF_yaw
317,7,posCtrlIndi,accRef_x
318,7,posCtrlIndi,accRef_y
319,7,posCtrlIndi,accRef_z
320,7,posCtrlIndi,accS_x
321,7,posCtrlIndi,accS_y
322,7,posCtrlIndi,accS_z
323,7,posCtrlIndi,accF_x
324,7,posCtrlIndi,accF_y
325,7,posCtrlIndi,accF_z
326,7,posCtrlIndi,accFT_x
327,7,posCtrlIndi,accFT_y
328,7,posCtrlIndi,accFT_z
329,7,posCtrlIndi,accErr_x
330,7,posCtrlIndi,accErr_y
331,7,posCtrlIndi,accErr_z
332,7,posCtrlIndi,phi_tilde
333,7,posCtrlIndi,theta_tilde
334,7,posCtrlIndi,T_tilde
335,7,posCtrlIndi,T_inner
336,7,posCtrlIndi,T_inner_f
337,7,posCtrlIndi,T_incremented
338,7,posCtrlIndi,cmd_phi
339,7,posCtrlIndi,cmd_theta
340,2,motor,m1
341,2,motor,m2
342,2,motor,m3
343,2,motor,m4
